{"cameraMode":{"drawMode":0,"name":"Shaded","section":"Shading Mode"},"sceneLighting":true,"audioPlay":false,"sceneViewState":{"showFog":true,"showMaterialUpdate":false,"showSkybox":true,"showFlares":true,"showImageEffects":true,"showParticleSystems":true},"in2DMode":false,"pivot":{"x":9.178074836730957,"y":2.565120220184326,"z":2.9458601474761965},"rotation":{"x":0.09359648823738098,"y":0.7135531306266785,"z":-0.09714403748512268,"w":0.6874942779541016},"size":5.497453212738037,"orthographic":false}